Ref,Val,Package,PosX,PosY,Rot,Side
"C3","10uF 50V X7R","C1210",57.700000,76.000000,90.000000,top
"C4","470uF 10V","CAP-SMD_BD6.3-L6.6-W6.6-FD",62.000000,51.000000,0.000000,top
"C5","470uF 35V","CAP-SMD_BD10.0-L10.3-W10.3-LS11.0-FD",18.000000,79.000000,0.000000,top
"C6","100nF 50V","C0805",43.000000,67.000000,0.000000,top
"C7","470uF 35V","CAP-SMD_BD10.0-L10.3-W10.3-LS11.0-FD",24.000000,37.000000,180.000000,top
"C8","100nF 50V","C0805",34.000000,44.000000,0.000000,top
"C9","100uF 50V","CAP-SMD_BD8.0-L8.3-W8.3-LS9.0-FD",21.700000,12.000000,180.000000,top
"C10","100nF 50V","C0805",34.000000,18.000000,0.000000,top
"C11","470uF 25V","CAP-SMD_BD8.0-L8.3-W8.3-LS9.0-FD",62.000000,30.000000,0.000000,top
"C12","470uF 35V","CAP-SMD_BD10.0-L10.3-W10.3-LS11.0-FD",48.000000,38.000000,0.000000,top
"C14","10uF 50V X7R","C1210",57.700000,69.500000,90.000000,top
"C15","470nF","C0603",63.000000,59.000000,90.000000,top
"C16","470nF","C0603",57.000000,37.500000,90.000000,top
"C17","100nF 50V","C0805",83.000000,61.000000,0.000000,top
"C18","100nF 50V","C0805",86.000000,43.000000,0.000000,top
"C19","100nF 50V","C0805",86.000000,33.000000,0.000000,top
"C20","10uF 50V X7R","C1210",57.700000,63.000000,90.000000,top
"C21","470uF 35V","CAP-SMD_BD10.0-L10.3-W10.3-LS11.0-FD",99.000000,67.000000,90.000000,top
"C22","470uF 10V","CAP-SMD_BD6.3-L6.6-W6.6-FD",63.000000,42.000000,90.000000,top
"C23","470uF 10V","CAP-SMD_BD6.3-L6.6-W6.6-FD",100.000000,40.000000,0.000000,top
"C24","470uF 35V","CAP-SMD_BD10.0-L10.3-W10.3-LS11.0-FD",61.500000,17.200000,90.000000,top
"C25","470uF 35V","CAP-SMD_BD10.0-L10.3-W10.3-LS11.0-FD",102.900000,16.200000,180.000000,top
"C32","22nF","C0805",26.000000,63.000000,0.000000,top
"C33","22nF","C0805",38.300000,36.000000,0.000000,top
"C36","10uF 50V X7R","C1210",62.300000,76.000000,90.000000,top
"C37","10uF 50V X7R","C1210",62.300000,69.500000,90.000000,top
"C38","100nF 50V","C0805",44.000000,74.500000,90.000000,top
"C39","10uF 50V X7R","C1210",43.000000,63.500000,0.000000,top
"C40","47uF 25V polymer","CAP-SMD_BD6.3-L6.6-W6.6-FD",86.000000,69.000000,0.000000,top
"C41","47uF 25V polymer","CAP-SMD_BD6.3-L6.6-W6.6-FD",89.000000,51.000000,0.000000,top
"C42","47uF 25V polymer","CAP-SMD_BD6.3-L6.6-W6.6-FD",89.000000,25.000000,180.000000,top
"C46","10uF 50V X7R","C1210",28.000000,78.500000,180.000000,top
"D2","SS34","SMA_L4.3-W2.6-LS5.2-RD",33.750000,50.000000,90.000000,top
"D3","SDT5A60SA-13","SMA_Diodes_SDT5A60SA_C3024223",35.000000,24.000000,90.000000,top
"J5","PM254V-11-06-H85","HDR-TH_6P-P2.54-V-F",37.200000,60.100000,-90.000000,top
"J6","WJ500V-5.08-2P","WJ500V-5.08-2P_C8465",7.000000,37.000000,90.000000,top
"J7","WJ500V-5.08-2P","WJ500V-5.08-2P_C8465",7.000000,24.000000,90.000000,top
"J10","DW254P-2X8-L0","IDC-TH_16P-P2.54_321016RG0ABK00A01",41.400000,12.230000,0.000000,top
"J11","DW254P-2X8-L0","IDC-TH_16P-P2.54_321016RG0ABK00A01",81.500000,12.230000,0.000000,top
"L1","10uH","ASPI-0630LR_L7.5-W6.85",51.000000,70.000000,0.000000,top
"L2","100uH","IND-SMD_L13.8-W12.8",47.000000,51.000000,0.000000,top
"L3","100uH","IND-SMD_L13.8-W12.8",47.000000,25.000000,0.000000,top
"LED2","Green","LED0603-RD",63.000000,8.500000,-90.000000,top
"LED3","Blue","LED0603-RD",63.000000,5.100000,90.000000,top
"LED4","Red","LED0603-RD",63.000000,1.700000,90.000000,top
"PTC1","SMD1210P150TF/16","F1210",100.500000,78.500000,90.000000,top
"PTC2","mSMD110-33V","F1812",102.000000,56.000000,90.000000,top
"PTC3","BSMD1206-150-16V","F1206",102.000000,30.000000,90.000000,top
"R1","158k 0.1%","R0603",40.500000,76.000000,90.000000,top
"R2","10k 0.1%","R0603",41.000000,73.250000,0.000000,top
"R3","4300R","R0603",26.000000,56.000000,180.000000,top
"R4","1k","R0603",26.000000,59.000000,90.000000,top
"R5","10500R","R0603",34.000000,32.000000,0.000000,top
"R6","1000R","R0603",32.000000,35.000000,90.000000,top
"R7","1k","R0805",58.000000,8.500000,0.000000,top
"R8","1k","R0805",58.000000,5.100000,0.000000,top
"R9","1k","R0805",58.000000,1.700000,0.000000,top
"R20","8200R 0.1%","R0603",87.000000,79.000000,0.000000,top
"R21","680R 0.1%","R0603",87.000000,76.000000,0.000000,top
"R22","1000R 0.1%","R0603",92.000000,76.000000,0.000000,top
"R23","3090R 0.1%","R0603",90.000000,61.000000,0.000000,top
"R24","33R 0.1%","R0603",90.000000,58.000000,0.000000,top
"R25","1000R 0.1%","R0603",96.000000,58.000000,0.000000,top
"R26","8200R 0.1%","R0603",82.600000,32.700000,90.000000,top
"R27","680R 0.1%","R0603",82.600000,36.100000,90.000000,top
"R28","1000R 0.1%","R0603",81.850000,38.800000,0.000000,top
"TVS1","SMAJ15A","D-FLAT_L4.3-W2.6-LS5.3-RD",108.000000,67.500000,90.000000,top
"TVS2","SMAJ6.5A","D-FLAT_L4.3-W2.6-LS5.3-RD",106.000000,48.000000,90.000000,top
"TVS3","SMAJ15A","D-FLAT_L4.3-W2.6-LS5.3-RD",106.000000,25.300000,90.000000,top
"U2","AP63201WU-7","TSOT-23-6_L2.9-W1.6-P0.95-LS2.8-BR",43.000000,70.000000,180.000000,top
"U3","LM2596S-ADJ","TO-263-5_L10.2-W8.9-P1.70-BR",23.000000,49.000000,0.000000,top
"U4","LM2596S-ADJ","TO-263-5_L10.2-W8.9-P1.70-BR",23.000000,25.000000,0.000000,top
"U6","LT1963AEQ#TRPBF","TO-263-5_L10.6-W9.6-P1.70-LS15.9-BR",74.000000,69.000000,0.000000,top
"U7","LT1963AEQ#TRPBF","TO-263-5_L10.6-W9.6-P1.70-LS15.9-BR",77.000000,51.000000,0.000000,top
"U8","LT3015EQ#PBF","DD-PAK-5_L10.2-W8.9-P1.70-LS14.0-BR",77.000000,25.000000,0.000000,top
